ADF Statistic,p-value,Used Lags,N Obs,Critical Value (1%),Critical Value (5%),Critical Value (10%)
5.450468666744246,1.0,0,53,-3.560242358792829,-2.9178502070837,-2.5967964150943397
