year,gap_forecast_holt
2024,37254.37423805964
2025,38299.74848131422
2026,39345.122724568806
2027,40390.4969678234
2028,41435.87121107798
2029,42481.245454332566
2030,43526.61969758715
