year,gap_actual,gap_pred_holt
2014,28466.0,28003.291731566733
2015,28470.0,29304.64419557492
2016,28662.0,30605.99665958311
2017,29738.0,31907.349123591302
2018,30697.0,33208.70158759949
2019,32421.0,34510.05405160768
2020,33201.0,35811.40651561587
2021,33700.0,37112.75897962406
2022,34890.0,38414.111443632246
2023,36209.0,39715.463907640435
