year,gap_forecast_hybrid
2024,37353.27331535076
2025,38213.104983133366
2026,39077.48043003052
2027,39937.616174418974
2028,40793.533414811274
2029,41645.25324372739
2030,42492.79664822472
