year,gap_forecast_piecewise
2024,37335.49608360126
2025,38377.55399110529
2026,39419.61189860938
2027,40461.669806113525
2028,41503.72771361761
2029,42545.78562112164
2030,43587.84352862573
