year,gap_actual,gap_pred_piecewise
2014,28466.0,27093.895819564874
2015,28470.0,28164.265229001525
2016,28662.0,29234.63463843806
2017,29738.0,30305.00404787471
2018,30697.0,31375.373457311245
2019,32421.0,32445.742866747896
2020,33201.0,33516.11227618443
2021,33700.0,34586.481685621024
2022,34890.0,35656.85109505762
2023,36209.0,36727.22050449421
