year,gap_actual,gap_pred_arima
2014,28466.0,28006.152710942817
2015,28470.0,29310.12077372983
2016,28662.0,30614.08883651684
2017,29738.0,31918.05689930385
2018,30697.0,33222.024962090865
2019,32421.0,34525.99302487788
2020,33201.0,35829.96108766489
2021,33700.0,37133.9291504519
2022,34890.0,38437.89721323891
2023,36209.0,39741.86527602592
