year,gap_forecast_arima
2024,37277.01731146593
2025,38323.51869264468
2026,39370.02007382343
2027,40416.52145500218
2028,41463.02283618093
2029,42509.52421735968
2030,43556.02559853843
