year,gap_actual,gap_pred_ucm
2014,28466.0,28007.83359833461
2015,28470.0,29312.944801687496
2016,28662.0,30618.05600504038
2017,29738.0,31923.167208393264
2018,30697.0,33228.27841174615
2019,32421.0,34533.38961509903
2020,33201.0,35838.50081845192
2021,33700.0,37143.6120218048
2022,34890.0,38448.723225157686
2023,36209.0,39753.83442851057
