year,gap_actual,gap_pred_prophet
2014,28466.0,27228.75791908839
2015,28470.0,28338.12481550657
2016,28662.0,29447.49171192476
2017,29738.0,30559.897969702986
2018,30697.0,31669.26486612117
2019,32421.0,32778.631762539364
2020,33201.0,33887.998658957535
2021,33700.0,35000.40491673577
2022,34890.0,36109.77181315395
2023,36209.0,37219.138709572144
