year,gap_forecast_prophet
2024,37132.03311368801
2025,38140.671835510184
2026,39146.55471383008
2027,40152.43759214999
2028,41158.32047046989
2029,42166.95919229206
2030,43172.84207061196
