test_R2,test_MAPE,directional_accuracy_last5
0.12436176033980673,7.103416456592836,1.0
